No,title,author,publisher,出版年,isbn_code
1,アジャイルな見積りと計画づくり ~価値あるソフトウェアを育てる概念と技法~,Mike Cohn,毎日コミュニケーションズ ,2009年1月29日,4839924023
2,サウンドエフェクトのプログラミング―Cによる音の加工と音源合成,小坂直敏,オーム社 ,2012年10月1日,4274068943
3,Unix考古学 Truth of the Legend,藤田昭人,KADOKAWA ,2016年4月28日,4048930508
4,Excelでできる最適化の実践らくらく読本―ソルバーで自由自在に解く,苅田正雄,同友館 ,2003年6月,4496035804
5,戦略的データマイニングアスクルの事例で学ぶ,池尾恭一,日経BP ,2008年4月24日,4822246647
6,Blog Hacksプロが教えるテクニック&ツール100選,宮川達彦,オライリー・ジャパン ,2004年8月7日,4873111749
7,システムテスト自動化 標準ガイド (CodeZine BOOKS),Mark Fewster,翔泳社 ,2014年12月16日,4798139211
8,情報通信ネットワークマネジメント―スタンダードの活用法,ユーレス・ブラック,電気通信協会 ,1999年1月,4885491088
9,多変量統計分析,菅民郎,現代数学社 ,1996年10月,4768702368
10,UNIXプログラミング環境 (海外ブックス),Brian W.Kernighan,アスキー ,1985年9月1日,4871483517
11,Ship It! ソフトウェアプロジェクト 成功のための達人式ガイドブック,Jared Richardson,オーム社 ,2006年8月26日,4274066568
12,SNMPバイブル―インターネット管理への実践ガイド (Professional Computing Series),William Stallings,アジソンウェスレイパブリッシャーズジャパン ,1994年11月1日,4795296510
13,ワインバーグのシステム行動法 ソフトウェア文化を創る (3),G.M.ワインバーグ,共立出版 ,1996年6月5日,4320027086
14,プログラミング言語C++ 第4版,ビャーネ・ストラウストラップ,SBクリエイティブ ,2015年2月28日,4797375957
15,HTML5 Canvas,Steve Fulton,オライリージャパン ,2012年1月21日,4873115272
16,CSS3開発者ガイド 第2版モダンWebデザインのスタイル設計,Peter Gasston,オライリージャパン ,2015年7月3日,4873117259
17,HTML5クックブック,Christopher Schmitt,オライリージャパン ,2012年6月22日,4873115477
18,JavaScriptデザインパターン,Addy Osmani,オライリージャパン ,2013年5月25日,487311618X
19,初めてのJavaScript 第3版ES2015以降の最新ウェブ開発,Ethan Brown,オライリージャパン ,2017年1月20日,4873117836
20,テスタブルJavaScript,Mark Ethan Trostler,オライリージャパン ,2013年9月21日,487311635X
21,ステートフルJavaScriptMVCアーキテクチャに基づくWebアプリケーションの状態管理,Alex MacCaw,オライリージャパン ,2012年6月9日,487311554X
22,JavaScriptクックブック,Shelley Powers,オライリージャパン ,2011年4月23日,4873114942
23,JavaScriptグラフィックスゲーム・スマートフォン・ウェブで使う最新テクニック,Raffaele Cecco,オライリージャパン ,2012年3月16日,4873115280
24,ハイパフォーマンスJavaScript,Nicholas C. Zakas,オライリージャパン ,2011年3月20日,487311490X
25,メンテナブルJavaScript読みやすく保守しやすいJavaScriptコードのための作法,Nicholas C. Zakas,オライリージャパン  ,2013年3月6日,4873116104
26,JavaScriptパターン優れたアプリケーションのための作法,Stoyan Stefanov,オライリージャパン  ,2011年2月16日,4873114888
27,JavaScriptによるデータビジュアライゼーション入門,Stephen A. Thomas,オライリージャパン  ,2015年10月21日,4873117461
28,プログラミングPHP 第3版,Kevin Tatroe,オライリージャパン  ,2014年3月25日,4873116686
29,初めてのPHP & MySQL 第2版,Michele E. Davis,オライリージャパン  ,2008年5月26日,4873113652
30,Handmade Electronic Music手作り電子回路から生まれる音と音楽 (Make: PROJECTS),Nicolas Collins,オライリージャパン  ,2013年1月26日,4873115957
31,発酵の技法世界の発酵食品と発酵文化の探求 (Make:Japan Books),Sandor Ellix Katz,オライリージャパン  ,2016年4月23日,4873117631
32,Making Things TalkArduinoで作る「会話」するモノたち (Make:PROJECTS),Tom Igoe,オライリージャパン  ,2008年11月17日,4873113849
33,XBeeで作るワイヤレスセンサーネットワーク (Make: PROJECTS),Robert Faludi,オライリージャパン  ,2011年12月9日,4873115302
34,Raspberry Pi クックブック 第2版 (Make:PROJECTS),Simon Monk,オライリージャパン  ,2017年8月25日,4873118115
35,Making Things SeeKinectとProcessingではじめる3Dプログラミング (Make: PROJECTS),Greg Borenstein,オライリージャパン  ,2013年3月26日,4873116112
36,Make: Analog Synthesizers (Make: PROJECTS),Ray Wilson,オライリージャパン  ,2017年3月18日,4873117518
37,Making Things Move動くモノを作るためのメカニズムと材料の基本 (Make: PROJECTS),Dustyn Roberts,オライリージャパン  ,2012年3月24日,4873115361
38,Prototyping Lab 第2版「作りながら考える」ためのArduino実践レシピ (Make: PROJECTS),小林茂,オライリージャパン  ,2017年1月19日,4873117895
39,Make: Electronics作ってわかる電気と電子回路の基礎 ((Make:PROJECTS)),Charles Platt,オライリージャパン  ,2010年11月29日,4873114772
40,Make: Technology on Your Time Volume 12,オライリー・ジャパン,オライリージャパン  ,2012年11月24日,4873115566
41,Make: Technology on Your Time Volume 11,オライリー・ジャパン,オライリージャパン  ,2011年4月25日,4873114918
42,Make: Technology on Your Time Volume 10,オライリー・ジャパン,オライリージャパン  ,2010年8月26日,4873114578
43,Make: Technology on Your Time Volume 09,オライリー・ジャパン,オライリージャパン  ,2010年1月27日,4873114330
44,Make: Technology on Your Time Volume 08,オライリー・ジャパン,オライリージャパン  ,2009年9月28日,4873114217
45,Make: Technology on Your Time Volume 07,オライリー・ジャパン,オライリージャパン  ,2009年7月10日,487311411X
46,Make: Technology on Your Time Volume 06,オライリー・ジャパン,オライリージャパン  ,2009年3月27日,4873114012
47,独学プログラマー Python言語の基本から仕事のやり方まで,コーリー・アルソフ,日経BP  ,2018年2月24日,4822292274
48,おもしろいゲームシナリオの作り方41の人気ゲームに学ぶ企画構成テクニック (GAME|DEV|LAB),Josiah Lebowitz,オライリージャパン  ,2014年8月26日,4873116821
49,「レベルアップ」のゲームデザイン実戦で使えるゲーム作りのテクニック,Scott Rogers,オライリージャパン  ,2012年8月18日,4873115639
50,ゲームストーミング会議、チーム、プロジェクトを成功へと導く87のゲーム,Dave Gray,オライリージャパン  ,2011年8月20日,4873115051
51,「タッチパネル」のゲームデザインアプリやゲームをおもしろくするテクニック,Scott Rogers,オライリージャパン  ,2013年8月17日,4873116201
52,Made by HandポンコツDIYで自分を取り戻す (Make: Japan Books),Mark Frauenfelder,オライリージャパン  ,2011年6月25日,4873115000
53,Fabパーソナルコンピュータからパーソナルファブリケーションへ (Make: Japan Books),Neil Gershenfeld,オライリージャパン  ,2012年12月1日,4873115884
54,物を作って生きるには23人のMaker Proが語る仕事と生活 (Make:Japan Books),John Baichtal,オライリージャパン  ,2015年12月26日,487311747X
55,オープンデザイン参加と共創から生まれる「つくりかたの未来」 (Make: Japan Books),Bas Van Abel,オライリージャパン  ,2013年8月24日,4873116317
56,3D Printing Handbook自己表現のための新しいツールを使う・考える (Make: Japan Books),平本知樹,オライリージャパン  ,2014年4月26日,4873116325
57,Makerムーブメント宣言草の根からイノベーションを生む9つのルール (Make: Japan Books),Mark Hatch,オライリージャパン  ,2014年7月24日,4873116805
58,FabLifeデジタルファブリケーションから生まれる「つくりかたの未来」 (Make: Japan Books),田中浩也,オライリージャパン  ,2012年6月9日,4873115558
59,ギークマム21世紀のママと家族のための実験、工作、冒険アイデア (Make: Japan Books),Natania Barron,オライリージャパン  ,2013年10月26日,4873116368
60,マイクロシェルター自分で作れる快適な小屋、ツリーハウス、トレーラーハウス (Make:Japan Books),Derek Diedricksen,オライリージャパン  ,2017年5月26日,4873118034
61,ゲームクリエイターが知るべき97のこと 2,NPO法人IGDA日本 小野 憲史,オライリージャパン  ,2013年8月23日,4873116228
62,ソフトウェアアーキテクトが知るべき97のこと,鈴木 雄介,オライリージャパン  ,2009年10月5日,4873114292
63,ゲームクリエイターが知るべき97のこと,吉岡 直人,オライリージャパン  ,2012年11月5日,4873115701
64,カンフーマック猛獣を飼いならす310の技,Keir Thomas,オライリージャパン  ,2012年10月24日,4873115825
65,ウェブオペレーションサイト運用管理の実践テクニック (THEORY/IN/PRACTICE),John Allspaw,オライリージャパン  ,2011年5月14日,4873114934
66,カーハッカーズ・ハンドブック車載システムの仕組み・分析・セキュリティ,Craig Smith,オライリージャパン  ,2017年12月22日,4873118239
67,世界最先端のマーケティング 顧客とつながる企業のチャネルシフト戦略,奥谷孝司,日経BP  ,2018年2月22日,4822255581
68,UNIXプログラミング実践編―シェル・C言語・開発ツールを使いこなす (FINE SOFTシリーズ),金崎克己,CQ出版  ,1987年9月,478983302X
69,プログラマ主役型プロジェクトのススメ ～ソフトウェア開発現場で本来の力を発揮するために～,細貝俊夫,翔泳社  ,2004年8月7日,4798106844
70,OSIとUNIX―分散トランザクション処理技術解説 (NEシリーズ),中川路哲男,ソフトリサーチセンター  ,1994年11月,4915778452
71,ITエンジニアのための機械学習理論入門,中井悦司,技術評論社  ,2015年10月17日,4774176982
72,Software Engineering Economics (Prentice-Hall Advances in Computing Science & Technology Series),Barry W. Boehm,Prentice Hall  ,1981年10月22日,138221227
73,An Introduction to Database Systems,C.J. Date,Addison Wesley  ,2003年7月22日,321197844
74,Pro Hadoop,Jason Venner,Apress  ,2009年6月17日,1430219424
75,ユニバーサルHTML/XHTML,神崎正英,毎日コミュニケーションズ  ,2000年11月,4839904545
76,Relaxer Java/XMLによるWeb開発,浅海智晴,ピアソンエデュケーション  ,2001年11月,4894715279
77,SEクライシス,越川亘,オーム社  ,1992年4月,4274060144
78,「コンサルティング・ファーム」の仕事,週刊ダイヤモンド編集部,ダイヤモンド社  ,1998年2月1日,4478311579
79,オブジェクト指向分析・設計―開発現場に見る実践の秘訣,本位田真一,共立出版  ,1995年6月25日,4320027418
80,UNIXネットワークの日々,水越賢治,オーム社  ,1993年11月,4274060640
81,UNIX C SHELLフィールドガイド,Gアンダーソン,パーソナルメディア  ,1987年10月,4893620290
82,実践CRM構築―「顧客満足」を獲得するシステム,NTT東日本法人営業本部第三営業部CRM&CTI推進室,NTT出版  ,2000年7月,4757120419
83,CORBAとJava 分散オブジェクト技術,成田雅彦,ソフトリサーチセンター  ,1997年6月,4915778843
84,エンジニアのためのマネジメントキャリアパステックリードからCTOまでマネジメントスキル向上ガイド,Camille Fournier,オライリージャパン  ,2018年9月26日,4873118484
85,ゲームサウンド制作ガイドインタラクティブな音楽のための作曲技法 (GAME|DEV|LAB),Winifred Phillips,オライリージャパン  ,2015年8月26日,4873117291
86,Team GeekGoogleのギークたちはいかにしてチームを作るのか,Brian W. Fitzpatrick,オライリージャパン  ,2013年7月20日,4873116309
87,IPv6 エッセンシャルズ 第2版,Silvia Hagen,オライリー・ジャパン  ,2007年6月22日,4873113288
88,Rによるテキストマイニングtidytextを活用したデータ分析と可視化の基礎,Julia Silge,オライリージャパン  ,2018年5月18日,4873118301
89,エンジニアのための時間管理術,Thomas A. Limoncelli,オライリー・ジャパン  ,2006年10月19日,4873113075
90,RとKerasによるディープラーニング,FrançoisChollet,オライリージャパン  ,2018年10月12日,4873118573
91,実践 CSIRTプレイブックセキュリティ監視とインシデント対応の基本計画,Jeff Bollinger,オライリージャパン  ,2018年5月19日,4873118387
92,詳解 Javaプログラミング第2版〈VOLUME1〉,パトリック・ニーメイヤー,オライリージャパン  ,2003年3月,487311117X
93,Enterprise JavaBeans 3.1 第6版,Andrew Lee Rubinger,オライリージャパン  ,2011年8月26日,4873115086
94,JavaによるRESTfulシステム構築,Bill Burke,オライリージャパン  ,2010年8月23日,4873114675
95,Tomcatハンドブック 第2版,Jason Brittain,オライリージャパン  ,2008年11月21日,4873113881
96,詳解 Tomcat,藤野圭一,オライリージャパン  ,2014年12月26日,4873117054
97,Ant 第2版,Steve Holzner,オライリージャパン  ,2005年11月18日,4873112656
98,Javaパフォーマンス,Scott Oaks,オライリージャパン  ,2015年4月11日,4873117186
99,Jenkins,John Ferguson Smart,オライリージャパン  ,2012年2月22日,4873115345
100,P2P教科書 (インプレス標準教科書シリーズ),江崎 浩,インプレス  ,2007年12月22日,4844325043
101,改訂版 デジタル放送教科書〈下〉 (インプレス標準教科書シリーズ),花村 剛,インプレス  ,2005年3月2日,4844320696
102,改訂版 デジタル放送教科書(上) (インプレス標準教科書シリーズ),花村 剛,インプレス  ,2004年9月30日,4844320270
103,Oracle7クライアント/サーバコンピューティング,スティーブンM.ボブロフスキー,富士ソフトウエア  ,1994年10月,4894330008
104,ギガビットネットワーク―超高速マルチメディアネットワークの基礎と応用 (ADDISON-WESLEYプロフェッショナルコンピューティングシリーズ),クレイグ・パートリッジ,ソフトバンククリエイティブ  ,1995年6月,4890527184
105,ポイント図解式 VPN/VLAN教科書,是友 春樹,アスキー  ,1999年8月1日,4756131913
106,トヨタのネットワーク・バイブル―ここが違う!ここが使える!ここがいただき!,中嶋敏文,オーム社  ,1994年5月,4274945197
107,TCP/IPによるネットワーク構築〈Vol.1〉―原理・プロトコル・アーキテクチャ,DouglasE. Comer,共立出版  ,1997年8月,4320028805
108,ポイント図解式 標準LAN教科書〈下〉,上原 政二,アスキー  ,1998年7月,4756118488
109,岩波講座 ソフトウェア科学〈〔環境〕7〉ソフトウェア実行／開発環境,前川守,岩波書店  ,1992年9月25日,4000103474
110,岩波講座 ソフトウェア科学〈〔理論〕13〉プログラムの基礎理論,佐藤雅彦,岩波書店  ,1991年9月30日,4000103539
111,岩波講座 ソフトウエア科学〈〔知識〕14〉知識と推論,長尾真,岩波書店  ,1988年7月6日,4000103547
112,岩波講座 ソフトウェア科学〈〔理論〕12〉計算モデルの基礎理論,井田哲雄,岩波書店  ,1991年3月28日,4000103520
113,岩波講座 ソフトウェア科学〈〔環境〕6〉オペレーティングシステム,前川守,岩波書店  ,1988年9月6日,4000103466
114,JavaScriptで学ぶ関数型プログラミング,Michael Fogus,オライリージャパン  ,2014年1月18日,4873116600
115,プロダクションレディマイクロサービス運用に強い本番対応システムの実装と標準化,Susan J. Fowler,オライリージャパン  ,2017年9月13日,4873118158
116,マイクロサービスアーキテクチャ,Sam Newman,オライリージャパン  ,2016年2月26日,4873117607
117,デザイニング・ウェブナビゲーション最適なユーザーエクスペリエンスの設計,James Kalbach,オライリージャパン  ,2009年5月25日,4873114101
118,モダンWeb新しいWebプラットフォームの基盤技術,Peter Gasston,オライリージャパン  ,2014年9月10日,4873116929
119,JavaScript 第6版,David Flanagan,オライリージャパン  ,2012年8月10日,4873115736
120,初めてのPHP、MySQL、JavaScript&CSS 第2版,Robin Nixon,オライリージャパン  ,2013年8月21日,4873116333
121,実践 Selenium WebDriver,Satya Avasarala,オライリージャパン  ,2014年9月18日,4873116953
122,セマンティックWeb プログラミング,Toby Segaran,オライリージャパン  ,2010年6月26日,4873114527
123,Apacheセキュリティ,Ivan Ristic,オライリージャパン  ,2005年10月17日,4873112567
124,入門 HTML5,Mark Pilgrim,オライリージャパン  ,2011年4月23日,4873114829
125,ハイパフォーマンス ブラウザネットワーキングネットワークアプリケーションのためのパフォーマンス最適化,Ilya Grigorik,オライリージャパン  ,2014年5月16日,4873116767
126,AngularJSアプリケーション開発ガイド,Brad Green,オライリージャパン  ,2014年4月18日,4873116678
127,Nodeクックブック,David Mark Clements,オライリージャパン  ,2013年2月23日,4873116066
128,入門 Webゲーム開発,Evan Burchard,オライリージャパン  ,2014年3月22日,4873116643
129,Apacheハンドブック,Ben Laurie,オライリージャパン  ,2003年9月1日,4873111501
130,Web解析Hacksオンラインビジネスで最大の効果をあげるテクニック & ツール,Eric T. Peterson,オライリー・ジャパン  ,2006年11月8日,4873113024
131,Mind Hacks実験で知る脳と心のシステム,Tom Stafford,オライリージャパン  ,2005年12月1日,4873112710
132,Spidering hacks―ウェブ情報ラクラク取得テクニック101選,Kevin Hemenway,オライリー・ジャパン  ,2004年5月,4873111870
133,Excel Hacks 第2版― プロが教える究極のテクニック140選,David Hawley,オライリー・ジャパン  ,2007年11月22日,4873113474
134,Binary Hacksハッカー秘伝のテクニック100選,高林哲,オライリー・ジャパン  ,2006年11月14日,4873112885
135,ヘルシープログラマプログラミングを楽しく続けるための健康Hack,Joe Kutner,オライリージャパン  ,2015年7月23日,4873117283
136,SQL Hacksデータベースを自由自在に操るテクニック,Andrew Cumming,オライリー・ジャパン  ,2007年7月28日,4873113318
137,リファクタリング・ウェットウェア達人プログラマーの思考法と学習法,Andy Hunt,オライリージャパン  ,2009年4月27日,4873114039
138,Mind パフォーマンス Hacks脳と心のユーザーマニュアル,Ron Hale-Evans,オライリージャパン  ,2007年8月25日,4873113377
139,Statistics Hacks統計の基本と世界を測るテクニック,Bruce Frey,オライリー・ジャパン  ,2007年12月26日,4873113350
140,パブリックスピーカーの告白効果的な講演、プレゼンテーション、講義への心構えと話し方,Scott Berkun,オライリージャパン  ,2010年10月27日,487311473X
141,アプレンティスシップ・パターン徒弟制度に学ぶ熟練技術者の技と心得 (THEORY/IN/PRACTICE),Dave H. Hoover,オライリージャパン  ,2010年7月8日,4873114608
142,Being Geekギークであり続けるためのキャリア戦略,Michael Lopp,オライリージャパン  ,2011年6月25日,4873114993
143,プログラマのためのサバイバルマニュアル,Josh Carter,オライリージャパン  ,2012年8月22日,487311571X
144,プロダクティブ・プログラマ -プログラマのための生産性向上術 (THEORY/IN/PRACTICE),Neal Ford,オライリージャパン  ,2009年4月27日,4873114020
145,ビューティフルビジュアライゼーション (THEORY/IN/PRACTICE),Julie Steele,オライリージャパン  ,2011年10月26日,4873115043
146,ゲーム開発者のためのAI入門,David M. Bourg,オライリージャパン  ,2005年1月12日,4873112168
147,詳解 システム・パフォーマンス,Brendan Gregg,オライリージャパン  ,2017年2月22日,4873117909
148,インタフェースデザインの実践教室優れたユーザビリティを実現するアイデアとテクニック,Lukas Mathis,オライリージャパン  ,2013年4月17日,4873116082
149,iPhoneアプリ設計の極意思わずタップしたくなるアプリのデザイン,Josh Clark,オライリージャパン  ,2011年6月18日,4873115027
150,CSSシークレット47のテクニックでCSSを自在に操る,Lea Verou,オライリージャパン  ,2016年7月23日,4873117666
151,Google Cloud Platform エンタープライズ設計ガイド,遠山陽介,日経BP  ,2018年5月17日,4822257908
152,プロジェクト・マネジャーが知るべき97のこと,神庭 弘年,オライリージャパン  ,2011年11月29日,4873115108
153,コネクト企業と顧客が相互接続された未来の働き方,Dave Gray,オライリージャパン  ,2013年7月20日,4873116198
154,Subject To Change予測不可能な世界で最高の製品とサービスを作る,Peter Merholz,オライリージャパン  ,2008年10月27日,4873113857
155,リバースエンジニアリングPythonによるバイナリ解析技法 (Art Of Reversing),Justin Seitz,オライリージャパン  ,2010年5月22日,4873114489
156,アート・オブ・プロジェクトマネジメントマイクロソフトで培われた実践手法 (THEORY/IN/PRACTICE),Scott Berkun,オライリー・ジャパン  ,2006年9月7日,4873112990
157,実践ソフトウェア要求ハンドブック (IT Architects’Archive ソフトウェア開発の実践),エレン・ゴッテスディーナー,翔泳社  ,2009年6月30日,4798117080
158,エラスティックリーダーシップ自己組織化チームの育て方,Roy Osherove,オライリージャパン  ,2017年5月13日,4873118026
159,UX戦略ユーザー体験から考えるプロダクト作り,Jaime Levy,オライリージャパン  ,2016年5月25日,4873117542
160,リーンエンタープライズイノベーションを実現する創発的な組織づくり (THE LEAN SERIES),ジェズ・ハンブル,オライリージャパン  ,2016年10月15日,4873117747
161,説得とヤル気の科学最新心理学研究が解き明かす「その気にさせる」メカニズム,Susan Weinschenk,オライリージャパン  ,2014年1月16日,4873116570
162,あなたの知らないところでソフトウェアは何をしているのか?映画やゲームのグラフィックス、データ検索、暗号化、セキュリティー、データ圧縮、ルート探索……華やかな技術の裏でソフトウェアがしていること,V. Anton Spraul,オライリージャパン  ,2016年5月18日,4873117674
163,トラクションスタートアップが顧客をつかむ19のチャネル,ガブリエル・ワインバーグ,オライリージャパン  ,2015年5月23日,4873117224
164,Running Lean実践リーンスタートアップ (THE LEAN SERIES),アッシュ・マウリャ,オライリージャパン  ,2012年12月21日,4873115914
165,リーンブランディングリーンスタートアップによるブランド構築 (THE LEAN SERIES),ローラ・ブッシェ,オライリージャパン  ,2016年8月26日,4873117690
166,Lean Analyticsスタートアップのためのデータ解析と活用法 (THE LEAN SERIES),アリステア・クロール,オライリージャパン  ,2015年1月24日,4873117119
167,リーン顧客開発「売れないリスク」を極小化する技術 (THE LEAN SERIES),シンディ・アルバレス,オライリージャパン  ,2015年4月25日,4873117216
168,プログラミングRust,Jim Blandy,オライリージャパン  ,2018年8月10日,4873118557
169,生き物としての力を取り戻す50の自然体験身近な野あそびから森で生きる方法まで (Make: Japan Books),カシオ計算機株式会社,オライリージャパン  ,2018年7月26日,4873118425
170,アナライジング・マルウェアフリーツールを使った感染事案対処 (Art Of Reversing),新井悠,オライリージャパン  ,2010年12月20日,4873114551
171,サイバーセキュリティプログラミングPythonで学ぶハッカーの思考,Justin Seitz,オライリージャパン  ,2015年10月24日,4873117313
172,イノベーションの神話,Scott Berkun,オライリー・ジャパン  ,2007年10月29日,4873113458
173,Hacking: 美しき策謀 第2版脆弱性攻撃の理論と実際,Jon Erickson,オライリージャパン  ,2011年10月22日,4873115140
174,実践 Metasploitペネトレーションテストによる脆弱性評価,David Kennedy,オライリージャパン  ,2012年5月23日,4873115388
175,「ヒットする」のゲームデザインユーザーモデルによるマーケット主導型デザイン,Chris Bateman,オライリージャパン  ,2009年9月7日,4873114187
176,「おもしろい」のゲームデザイン楽しいゲームを作る理論,Raph Koster,オライリージャパン  ,2005年12月17日,4873112559
177,Unityの教科書 Unity 2018完全対応版 2D&3Dスマートフォンゲーム入門講座 (Entertainment&IDEA),北村愛実,SBクリエイティブ  ,2018年6月21日,4797397659
178,見てわかるUnity5 C#超入門 (Game Developer Books),掌田津耶乃,秀和システム  ,2015年10月30日,4798044962
179,Unityによるモバイルゲーム開発作りながら学ぶ2D/3Dゲームプログラミング入門,Jon Manning,オライリージャパン  ,2018年8月24日,4873118506
180,UnityによるVRアプリケーション開発作りながら学ぶバーチャルリアリティ入門,Jonathan Linowes,オライリージャパン  ,2016年8月26日,4873117577
181,プログラミングAndroid,Zigurd Mednieks,オライリージャパン  ,2012年2月17日,4873115353
182,実践 Android Developer Tools,Mike Wolfson,オライリージャパン  ,2014年4月23日,4873116708
183,初めてのOpenGL ES,山下武志,オライリージャパン  ,2011年7月21日,4873114969
184,UnityによるARゲーム開発作りながら学ぶオーグメンテッドリアリティ入門,Micheal Lanham,オライリージャパン  ,2017年9月2日,4873118107
185,初めてのAndroid 第4版,Ed Burnette,オライリージャパン  ,2016年2月26日,4873117496
186,ビューティフルデータ (THEORY/IN/PRACTICE),Toby Segaran,オライリージャパン  ,2011年2月28日,4873114896
187,Android KitKat Hacksプロが教えるテクニック & ツール,株式会社ブリリアントサービス,オライリージャパン  ,2015年1月23日,4873116996
188,NFC Hacksプロが教えるテクニック & ツール,株式会社ブリリアントサービス,オライリージャパン  ,2013年11月30日,4873116244
189,TCP/IPとOSIネットワーク管理―SNMPとCMIP (NEシリーズ),大鐘久生,ソフトリサーチセンター  ,1993年5月,4915778215
190,TCP/IPインターネットワーキング―LAN間接続 (SRCハンドブック―NEシリーズ),西田竹志,ソフト・リサーチ・センター  ,1993年7月,4915778231
191,PLUTO 8 (ビッグコミックス),浦沢直樹,小学館  ,2009年6月30日,4091825249
192,PLUTO 7 (ビッグコミックス),浦沢直樹,小学館  ,2009年2月27日,4091823866
193,PLUTO 6 (ビッグコミックス),浦沢直樹,小学館  ,2008年7月30日,4091821278
194,PLUTO 5 (ビッグコミックス),浦沢直樹,小学館  ,2007年11月30日,4091815561
195,PLUTO 4 (ビッグコミックス),浦沢直樹,小学館  ,2006年12月26日,4091810063
196,PLUTO (3) (ビッグコミック),浦沢直樹,小学館  ,2006年3月30日,4091802370
197,PLUTO (2) (ビッグコミックス),浦沢直樹,小学館  ,2005年4月26日,4091874320
198,PLUTO (1) (ビッグコミックス),浦沢直樹,小学館  ,2004年9月30日,4091874312
199,初めてのPHP,David Sklar,オライリージャパン  ,2017年3月18日,4873117933
200,Seleniumデザインパターン & ベストプラクティス,Dima Kovalenko,オライリージャパン  ,2015年9月18日,4873117429
201,インタラクティブ・データビジュアライゼーションD3.jsによるデータの可視化,Scott Murray,オライリージャパン  ,2014年2月19日,4873116465
202,Amazon Web ServicesプログラミングAPIの基礎からElastic Beanstalkの利用まで,Jurg van Vliet,オライリージャパン  ,2012年9月20日,4873115817
203,RESTful Webサービス,Leonard Richardson,オライリー・ジャパン  ,2007年12月21日,4873113539
204,シングルページWebアプリケーションNode.js、MongoDBを活用したJavaScript SPA,Michael S. Mikowski,オライリージャパン  ,2014年5月24日,4873116732
205,Real World HTTP歴史とコードに学ぶインターネットとウェブ技術,渋川よしき,オライリージャパン  ,2017年6月14日,4873118042
206,JavaScript: The Good Parts「良いパーツ」によるベストプラクティス,Douglas Crockford,オライリージャパン  ,2008年12月22日,4873113911
207,実践 Appium,Manoj Hans,オライリージャパン  ,2016年11月26日,4873117844
208,プログラミング HTML5 Canvasウェブ・モバイル・ゲーム開発者のためのアプリケーション開発ガイド,David Geary,オライリージャパン  ,2014年7月19日,4873116872
209,初めてのThree.js 第2版WebGLのためのJavaScript 3Dライブラリ,Jos Dirksen,オライリージャパン  ,2016年7月23日,4873117704
210,マスタリングNginx,Dimitri Aivaliotis,オライリージャパン  ,2013年10月26日,4873116457
211,ハイパフォーマンスWebサイト高速サイトを実現する14のルール,Steve Souders,オライリージャパン  ,2008年4月11日,487311361X
212,集合知プログラミング,Toby Segaran,オライリージャパン  ,2008年7月25日,4873113644
213,Backbone.jsアプリケーション開発ガイド,Addy Osmani,オライリージャパン  ,2014年2月7日,4873116589
214,実践 Fiddler,Eric Lawrence,オライリージャパン  ,2013年5月25日,4873116163
215,WordPressによるWebアプリケーション開発,Rakhitha Nimesh Ratnayake,オライリージャパン  ,2014年11月27日,4873117062
216,詳解 WordPress,プライム・ストラテジー株式会社,オライリージャパン  ,2015年4月25日,4873116783
217,キャパシティプランニング リソースを最大限に活かすサイト分析・予測・配置,John Allspaw,オライリージャパン  ,2009年3月19日,4873113997
218,ビジュアライジング・データProcessingによる情報視覚化手法,Ben Fry,オライリージャパン  ,2008年12月1日,4873113784
219,Apacheクックブック 第2版Webサーバ管理者のためのレシピ集,Ken Coar,オライリージャパン  ,2008年9月26日,4873113814
220,続・ハイパフォーマンスWebサイトウェブ高速化のベストプラクティス,Steve Souders,オライリージャパン  ,2010年4月10日,4873114462
221,ECサイト構築ソフト「CS-Cart」公式スタートアップガイド [Ver4.2.4-jp-1対応] (NextPublishing),有限会社フロッグマンオフィス,インプレスR&D  ,2015年8月6日,4802090196
222,エレガントなSciPyPythonによる科学技術計算,Juan Nunez-Iglesias,オライリージャパン  ,2018年11月10日,4873118603
223,入門vi 第6版,リンダ・ラム,オライリー・ジャパン  ,2002年5月1日,4873110831
224,sed & awkプログラミング 改訂版 (A nutshell handbook),Dale Dougherty,オライリー・ジャパン  ,1997年10月1日,4900900583
225,初めてのプログラミング 第2版,Chris Pine,オライリージャパン  ,2010年9月21日,4873114691
226,Linuxシステムプログラミング,Robert Love,オライリージャパン  ,2008年4月16日,4873113628
227,メタプログラミングRuby 第2版,Paolo Perrotta,オライリージャパン  ,2015年10月10日,4873117437
228,UML2.0クイックリファレンス,Dan Pilone,オライリージャパン  ,2006年6月1日,4873112842
229,Rクイックリファレンス 第2版,Joseph Adler,オライリージャパン  ,2014年1月25日,4873116511
230,WSHクイックリファレンス 第2版,羽山博,オライリー・ジャパン  ,2006年10月24日,4873113091
231,Linuxサーバ Hacks 2コネクティング、モニタリング、トラブルシューティング,Bill von Hagen,オライリー・ジャパン  ,2006年10月24日,4873113067
232,統計クイックリファレンス 第2版,Sarah Boslaugh,オライリージャパン  ,2015年1月24日,4873117100
233,Linuxカーネル Hacksパフォーマンス改善、開発効率向上、省電力化のためのテクニック,池田宗広,オライリージャパン  ,2011年7月26日,4873115019
234,LinuxサーバHacks―プロが使うテクニック&ツール100選,ロブ・フリッケンガー,オライリージャパン  ,2003年11月1日,487311151X
235,ゼロから作るDeep LearningPythonで学ぶディープラーニングの理論と実装,斎藤康毅,オライリージャパン  ,2016年9月24日,4873117585
236,データサイエンス講義,Rachel Schutt,オライリージャパン  ,2014年10月25日,4873117011
237,実践 Deep LearningPythonとTensorFlowで学ぶ次世代の機械学習アルゴリズム (オライリー・ジャパン),Nikhil Buduma,オライリージャパン  ,2018年4月26日,4873118328
238,Think Stats 第2版プログラマのための統計入門,Allen B. Downey,オライリージャパン  ,2015年8月19日,4873117356
239,進化的アーキテクチャ絶え間ない変化を支える,Neal Ford,オライリージャパン  ,2018年8月18日,4873118565
240,SVGエッセンシャルズ 第2版,J. David Eisenberg,オライリージャパン  ,2017年5月17日,4873117976
241,HTML5 HacksインタラクティブWebアプリケーションのためのテクニック,Jesse Cravens,オライリージャパン  ,2013年10月26日,4873116473
242,JavaScriptリファレンス 第6版,David Flanagan,オライリージャパン  ,2012年8月10日,4873115531
243,PDF構造解説,John Whitington,オライリージャパン  ,2012年5月25日,4873115493
244,オブジェクト指向JavaScriptの原則,Nicholas C. Zakas,オライリージャパン  ,2014年6月18日,4873116813
245,開眼!JavaScript言語仕様から学ぶJavaScriptの本質,Cody Lindley,オライリージャパン  ,2013年6月19日,487311621X
246,ネットワークセキュリティHacks 第2版プロが使うテクニック & ツール 100+,Andrew Lockhart,オライリー・ジャパン  ,2007年6月18日,487311327X
247,アイソモーフィックJavaScript,Jason Strimpel,オライリージャパン  ,2017年7月4日,4873118077
248,C++プログラミング入門,グレゴリー・サティア,オライリー・ジャパン  ,2001年11月1日,4873110637
249,モバイルデザインパターン 第2版ユーザーインタフェースのためのパターン集,Theresa Neil,オライリージャパン  ,2015年2月12日,4873117038
250,ムダをゼロにするフロントエンド開発で使えるJavaScriptライブラリ,飯塚康至,秀和システム  ,2013年11月25日,4798039861
251,サーバ負荷分散技術,トニー・ブルーク,オライリー・ジャパン  ,2001年12月,4873110653
252,入門 Unix for OS X 第5版,Dave Taylor,オライリージャパン  ,2013年10月26日,4873116449
253,入門 iOS SDK初めてのiPhone/iPadプログラミング,Matt Neuburg,オライリージャパン  ,2014年6月21日,4873116740
254,詳解 iOS SDK 第4版ワンランク上のiPhone/iPadプログラミング,Matt Neuburg,オライリージャパン  ,2014年12月19日,4873116759
255,デザイニング・インターフェース 第2版パターンによる実践的インタラクションデザイン,Jenifer Tidwell,オライリージャパン  ,2011年12月24日,4873115310
256,アート・オブ・コミュニティ「貢献したい気持ち」を繋げて成果を導くには (THEORY/IN/PRACTICE),Jono Bacon,オライリージャパン  ,2011年5月26日,4873114950
257,ビューティフルコード (THEORY/IN/PRACTICE),Brian Kernighan,オライリージャパン  ,2008年4月23日,4873113636
258,プログラミングScala,Dean Wampler,オライリージャパン  ,2011年1月20日,4873114810
259,Hadoop 第3版,Tom White,オライリージャパン  ,2013年7月26日,4873116295
260,RとRubyによるデータ解析入門,Sau Sheong Chang,オライリージャパン  ,2013年4月26日,4873116155
261,IPythonデータサイエンスクックブック対話型コンピューティングと可視化のためのレシピ集,Cyrille Rossant,オライリージャパン  ,2015年12月25日,4873117488
262,Real World Haskell―実戦で学ぶ関数型言語プログラミング,BryanO'Sullivan,オライリージャパン  ,2009年10月26日,4873114233
263,詳解 OpenCVコンピュータビジョンライブラリを使った画像処理・認識,Gary Bradski,オライリージャパン  ,2009年8月24日,4873114136
264,実践 コンピュータビジョン,Jan Erik Solem,オライリージャパン  ,2013年3月23日,4873116074
265,プログラミングROSPythonによるロボットアプリケーション開発 (オライリー・ジャパン),Morgan Quigley,オライリージャパン  ,2017年12月13日,4873118093
266,Cassandra,Eben Hewitt,オライリージャパン  ,2011年12月24日,4873115299
267,Python クックブック 第2版,Alex Martelli,オライリー・ジャパン  ,2007年6月26日,4873112761
268,デバッグの理論と実践なぜプログラムはうまく動かないのか,Andreas Zeller,オライリージャパン  ,2012年12月22日,4873115930
269,詳説 Cポインタ,Richard Reese,オライリージャパン  ,2013年12月26日,4873116562
270,Hadoopオペレーションシステム運用管理ガイド,Eric Sammer,オライリージャパン  ,2013年11月27日,487311652X
271,入門 機械学習,Drew Conway,オライリージャパン  ,2012年12月22日,4873115949
272,実践 機械学習システム,Willi Richert,オライリージャパン  ,2014年10月25日,4873116988
273,入門 UML 2.0,Russ Miles,オライリー・ジャパン  ,2007年2月8日,4873113172
274,C++実践プログラミング,スティーブ・オウアルライン,オライリージャパン  ,2003年9月1日,487311148X
275,キングダム 50 (ヤングジャンプコミックス),原泰久,集英社  ,2018年4月19日,4088908902
276,キングダム 49 (ヤングジャンプコミックス),原泰久,集英社  ,2018年1月19日,4088908392
277,キングダム 48 (ヤングジャンプコミックス),原泰久,集英社  ,2017年10月19日,4088907590
278,キングダム 47 (ヤングジャンプコミックス),原泰久,集英社  ,2017年7月19日,4088907019
279,キングダム 46 (ヤングジャンプコミックス),原泰久,集英社  ,2017年4月19日,4088906225
280,キングダム 45 (ヤングジャンプコミックス),原泰久,集英社  ,2017年1月19日,4088905717
281,キングダム 44 (ヤングジャンプコミックス),原泰久,集英社  ,2016年10月19日,4088905121
282,キングダム 43 (ヤングジャンプコミックス),原泰久,集英社  ,2016年7月19日,4088904710
283,キングダム 42 (ヤングジャンプコミックス),原泰久,集英社  ,2016年4月19日,408890396X
284,キングダム 41 (ヤングジャンプコミックス),原泰久,集英社  ,2016年1月19日,4088903471
285,キングダム 40 (ヤングジャンプコミックス),原泰久,集英社  ,2015年10月19日,4088902777
286,キングダム 39 (ヤングジャンプコミックス),原泰久,集英社  ,2015年7月17日,4088902300
287,キングダム 38 (ヤングジャンプコミックス),原泰久,集英社  ,2015年4月17日,408890141X
288,キングダム 37 (ヤングジャンプコミックス),原泰久,集英社  ,2015年1月19日,4088900987
289,キングダム 36 (ヤングジャンプコミックス),原泰久,集英社  ,2014年10月17日,4088900278
290,キングダム 35 (ヤングジャンプコミックス),原泰久,集英社  ,2014年7月18日,4088798678
291,キングダム 34 (ヤングジャンプコミックス),原泰久,集英社  ,2014年4月18日,4088797825
292,キングダム 33 (ヤングジャンプコミックス),原泰久,集英社  ,2014年1月17日,4088797361
293,キングダム 32 (ヤングジャンプコミックス),原泰久,集英社  ,2013年10月18日,4088796810
294,キングダム 31 (ヤングジャンプコミックス),原泰久,集英社  ,2013年7月19日,4088796098
295,キングダム 30 (ヤングジャンプコミックス),原泰久,集英社  ,2013年4月4日,4088795601
296,キングダム 29 (ヤングジャンプコミックス),原泰久,集英社  ,2013年2月19日,4088795210
297,キングダム 28 (ヤングジャンプコミックス),原泰久,集英社  ,2012年11月19日,4088794559
298,キングダム 27 (ヤングジャンプコミックス),原泰久,集英社  ,2012年8月17日,4088793900
299,キングダム 26 (ヤングジャンプコミックス),原泰久,集英社  ,2012年5月18日,4088793307
300,デザインの伝え方,Tom Greever,オライリージャパン  ,2016年9月16日,4873117798
301,デザイニング・マルチデバイス・エクスペリエンスデバイスの枠を超えるUXデザインの探求,Michal Levin,オライリージャパン  ,2014年12月25日,4873117089
302,Javaによる関数型プログラミングJava 8ラムダ式とStream,Venkat Subramaniam,オライリージャパン  ,2014年10月24日,4873117046
303,パフォーマンス向上のためのデザイン設計,Lara Callender Hogan,オライリージャパン  ,2016年6月25日,4873117550
304,マイクロインタラクションUI/UXデザインの神が宿る細部,Dan Saffer,オライリージャパン  ,2014年3月19日,4873116597
305,情報アーキテクチャ 第4版見つけやすく理解しやすい情報設計,Louis Rosenfeld,オライリージャパン  ,2016年11月18日,4873117720
306,Land of Lisp,M.D. ConradBarski,オライリージャパン  ,2013年2月23日,4873115876
307,詳説 イーサネット 第2版,Charles E. Spurgeon,オライリージャパン  ,2015年6月10日,4873117178
308,SRE サイトリライアビリティエンジニアリングGoogleの信頼性を支えるエンジニアリングチーム,澤田 武男,オライリージャパン  ,2017年8月12日,4873117917
309,Docker,Adrian Mouat,オライリージャパン  ,2016年8月17日,4873117763
310,実例で学ぶゲーム3D数学,Fletcher Dunn,オライリージャパン  ,2008年10月4日,4873113776
311,実例で学ぶゲームAIプログラミング,Mat Buckland,オライリー・ジャパン  ,2007年9月28日,4873113393
312,データ分析によるネットワークセキュリティ,Michael Collins,オライリージャパン  ,2016年6月11日,4873117003
313,プログラミングC# 第7版,Ian Griffiths,オライリージャパン  ,2013年11月29日,4873116503
314,PythonによるWebスクレイピング,Ryan Mitchell,オライリージャパン  ,2016年3月18日,4873117615
315,Effective Debuggingソフトウェアとシステムをデバッグする66項目,Diomidis Spinellis,オライリージャパン  ,2017年6月24日,4873117992
316,Effective PythonPythonプログラムを改良する59項目,Brett Slatkin,オライリージャパン  ,2016年1月23日,4873117569
317,Effective Modern C++C++11/14プログラムを進化させる42項目,Scott Meyers,オライリージャパン  ,2015年9月18日,4873117364
318,MongoDBイン・アクション,Kyle Banker,オライリージャパン  ,2012年12月14日,4873115906
319,Mahoutイン・アクション,Sean Owen,オライリージャパン  ,2012年10月26日,4873115841
320,PythonとJavaScriptではじめるデータビジュアライゼーション,Kyran Dale,オライリージャパン  ,2017年8月25日,4873118085
321,テスト駆動開発による組み込みプログラミングC言語とオブジェクト指向で学ぶアジャイルな設計,James W. Grenning,オライリージャパン  ,2013年4月24日,4873116147
322,Kafka,Neha Narkhede,オライリージャパン  ,2018年8月3日,4873118492
323,直感 Deep LearningPython×Kerasでアイデアを形にするレシピ,Antonio Gulli,オライリージャパン  ,2018年8月11日,4873118263
324,仕事ではじめる機械学習,有賀康顕,オライリージャパン  ,2018年1月16日,4873118255
325,作って動かすALife実装を通した人工生命モデル理論入門,岡瑞起,オライリージャパン  ,2018年7月28日,4873118476
326,ゼロから作るDeep Learning ❷自然言語処理編,斎藤康毅,オライリージャパン  ,2018年7月21日,4873118360
327,コンピュータサイエンス探偵の事件簿データ構造と探索アルゴリズムが導く真実 (　),Jeremy Kubica,オライリージャパン  ,2018年6月20日,4873118433
328,エンジニアのためのフィードバック制御入門,Philipp K. Janert,オライリージャパン  ,2014年7月26日,4873116848
329,データ匿名化手法ヘルスデータ事例に学ぶ個人情報保護,Khaled El Emam,オライリージャパン  ,2015年5月23日,4873117240
330,エレガントな問題解決柔軟な発想を引き出すセンスと技,Paul Zeitz,オライリージャパン  ,2010年12月27日,4873114055
331,アルゴリズムパズルプログラマのための数学パズル入門,Anany Levitin,オライリージャパン  ,2014年4月26日,4873116694
332,Think Bayesプログラマのためのベイズ統計入門,Allen B. Downey,オライリージャパン  ,2014年9月6日,4873116945
333,コマンドラインではじめるデータサイエンス分析プロセスを自在に進めるテクニック,Jeroen Janssens,オライリージャパン  ,2015年9月16日,4873117410
334,データサイエンスのための統計学入門予測、分類、統計モデリング、統計的機械学習とRプログラミング,Peter Bruce,オライリージャパン  ,2018年2月24日,487311828X
335,戦略的データサイエンス入門ビジネスに活かすコンセプトとテクニック,Foster Provost,オライリージャパン  ,2014年7月19日,4873116856
336,DIPS(ディップス)実践によるセールスパワー倍増プログラム,小林忠嗣,ダイヤモンド社  ,1993年8月,4478490120
337,Head First Python 第2版頭とからだで覚えるPythonの基本,Paul Barry,オライリージャパン  ,2018年3月24日,4873118298
338,Head First C頭とからだで覚えるCの基本,David Griffiths,オライリージャパン  ,2013年4月3日,4873116090
339,Head First Java 第2版頭とからだで覚えるJavaの基本,Kathy Sierra,オライリージャパン  ,2006年3月1日,4873112796
340,Head Firstデザインパターン頭とからだで覚えるデザインパターンの基本,Eric Freeman,オライリージャパン  ,2005年12月2日,4873112494
341,Head First JavaScript頭とからだで覚えるJavaScriptの基本,Michael Morrison,オライリージャパン  ,2008年8月14日,4873113733
342,Head First SQL頭とからだで覚えるSQLの基本,Lynn Beighley,オライリージャパン  ,2008年6月9日,4873113695
343,Head Firstネットワーク頭とからだで覚えるネットワークの基本,Al Anderson,オライリージャパン  ,2010年2月27日,4873114438
344,Head First Statistics頭とからだで覚える統計の基本,Dawn Griffiths,オライリージャパン  ,2009年8月24日,4873114209
345,Head First Rails頭とからだで覚えるRailsの基本,David Griffiths,オライリージャパン  ,2010年1月18日,4873114381
346,Head First PHP & MySQL頭とからだで覚えるWebアプリケーション開発の基本,Lynn Beighley,オライリージャパン  ,2010年3月26日,4873114446
347,Head Firstデータ解析頭とからだで覚えるデータ解析の基本,Michael Milton,オライリージャパン  ,2010年7月10日,4873114640
348,Head Firstオブジェクト指向分析設計頭とからだで覚えるオブジェクト指向の基本,Brett McLaughlin,オライリー・ジャパン  ,2007年12月4日,4873113490
349,Pythonではじめる機械学習scikit-learnで学ぶ特徴量エンジニアリングと機械学習の基礎,Andreas C. Muller,オライリージャパン  ,2017年5月25日,4873117984
350,詳解 シェルスクリプト,Arnold Robbins,オライリージャパン  ,2006年1月16日,4873112672
351,Go言語によるWebアプリケーション開発,Mat Ryer,オライリージャパン  ,2016年1月22日,4873117526
352,Pythonによるデータ分析入門NumPy、pandasを使ったデータ処理,Wes McKinney,オライリージャパン  ,2013年12月26日,4873116554
353,ハイパフォーマンスPython,Micha Gorelick,オライリージャパン  ,2015年11月20日,4873117402
354,実践 デバッグ技法GDB、DDD、Eclipseによるデバッギング,Norman Matloff,オライリージャパン  ,2009年6月8日,4873114063
355,実践 Qt 4プログラミング,Mark Summerfield,オライリージャパン  ,2012年4月25日,4873115078
356,実用Git,Jon Loeliger,オライリージャパン  ,2010年2月19日,4873114403
357,ZooKeeperによる分散システム管理,Flavio Junqueira,オライリージャパン  ,2014年10月8日,4873116937
358,Python文法詳解,石本敦夫,オライリージャパン  ,2014年9月18日,4873116880
359,make 改訂版 (A nutshell handbook),Andrew Oram,オライリー・ジャパン  ,1997年7月1日,4900900605
360,HBase,Lars George,オライリージャパン  ,2012年7月25日,4873115663
361,C実践プログラミング 第3版,Steve Oualline,オライリー・ジャパン  ,1998年6月15日,4900900648
362,詳解 OpenCV 3コンピュータビジョンライブラリを使った画像処理・認識,Gary Bradski,オライリージャパン  ,2018年5月26日,4873118379
363,PythonデータサイエンスハンドブックJupyter、NumPy、pandas、Matplotlib、scikit-learnを使ったデータ分析、機械学習,Jake VanderPlas,オライリージャパン  ,2018年5月26日,4873118417
364,アンダースタンディング コンピュテーション単純な機械から不可能なプログラムまで,Tom Stuart,オライリージャパン  ,2014年9月18日,487311697X
365,GNU Make 第3版,Robert Mecklenburg,オライリージャパン  ,2005年12月1日,4873112699
366,Mathematicaクックブック,Sal Mangano,オライリージャパン  ,2011年4月25日,4873114837
367,キングダム 25 (ヤングジャンプコミックス),原泰久,集英社  ,2012年2月17日,4088792688
368,キングダム 24 (ヤングジャンプコミックス),原泰久,集英社  ,2011年11月18日,4088792238
369,キングダム 23 (ヤングジャンプコミックス),原泰久,集英社  ,2011年8月19日,4088791843
370,キングダム 22 (ヤングジャンプコミックス),原泰久,集英社  ,2011年5月19日,408879141X
371,キングダム 21 (ヤングジャンプコミックス),原泰久,集英社  ,2011年2月18日,4088791010
372,キングダム 20 (ヤングジャンプコミックス),原泰久,集英社  ,2010年11月19日,408879057X
373,キングダム 19 (ヤングジャンプコミックス),原泰久,集英社  ,2010年8月19日,4088790154
374,キングダム 18 (ヤングジャンプコミックス),原泰久,集英社  ,2010年6月18日,4088778731
375,キングダム 17 (ヤングジャンプコミックス),原泰久,集英社  ,2010年3月19日,4088778197
376,キングダム 16 (ヤングジャンプコミックス),原泰久,集英社  ,2009年12月18日,4088777719
377,キングダム 15 (ヤングジャンプコミックス),原泰久,集英社  ,2009年9月18日,4088777158
378,キングダム 14 (ヤングジャンプコミックス),原泰久,集英社  ,2009年6月19日,4088776631
379,キングダム 13 (ヤングジャンプコミックス),原泰久,集英社  ,2009年3月19日,4088776119
380,キングダム 12 (ヤングジャンプコミックス),原泰久,集英社  ,2008年12月19日,4088775635
381,キングダム 11 (ヤングジャンプコミックス),原泰久,集英社  ,2008年9月19日,408877504X
382,キングダム 10 (ヤングジャンプコミックス),原泰久,集英社  ,2008年6月19日,4088774620
383,キングダム 9 (ヤングジャンプコミックス),原泰久,集英社  ,2008年3月19日,4088774094
384,キングダム 8 (ヤングジャンプコミックス),原泰久,集英社  ,2007年12月19日,4088773616
385,キングダム 7 (ヤングジャンプコミックス),原泰久,集英社  ,2007年10月19日,4088773365
386,キングダム 6 (ヤングジャンプコミックス),原泰久,集英社  ,2007年7月19日,408877289X
387,キングダム 5 (ヤングジャンプコミックス),原泰久,集英社  ,2007年5月18日,4088772598
388,キングダム 4 (ヤングジャンプコミックス),原泰久,集英社  ,2007年2月19日,408877213X
389,キングダム 3 (ヤングジャンプコミックス),原泰久,集英社  ,2006年11月17日,4088771710
390,キングダム 2 (ヤングジャンプコミックス),原泰久,集英社  ,2006年8月18日,408877129X
391,キングダム 1 (ヤングジャンプコミックス),原泰久,集英社  ,2006年5月19日,408877079X
392,Diameterプロトコルガイド,かもめエンジニアリング株式会社,オライリージャパン  ,2015年5月22日,487311702X
393,OpenStack SwiftSwiftオブジェクトストレージの管理と開発,Joe Arnold,オライリージャパン  ,2015年11月18日,4873117372
394,実践 パケット解析 第2版Wiresharkを使ったトラブルシューティング,Chris Sanders,オライリージャパン  ,2012年11月17日,4873115698
395,SAN & NASストレージネットワーク管理,W.Curtis Preston,オライリー・ジャパン  ,2002年10月1日,4873110998
396,入門SNMP,ダグラス・R.マウロ,オライリー・ジャパン  ,2002年7月1日,4873110904
397,RADIUS―ユーザ認証セキュリティプロトコル,Jonathan Hassell,オライリー・ジャパン  ,2003年12月1日,4873111471
398,802.11無線ネットワーク管理 第2版,Matthew Gast,オライリー・ジャパン  ,2006年11月21日,4873113083
399,UNIXシステム管理 第3版〈VOLUME 1〉,アイリーン・フリッシュ,オライリージャパン  ,2003年7月,4873111382
400,Postfix実用ガイド,Kyle D. Dent,オライリージャパン  ,2004年8月15日,4873111951
401,DNS & BIND 第5版,Cricket Liu,オライリージャパン  ,2008年12月8日,4873113903
402,実用SSH 第2版―セキュアシェル徹底活用ガイド,Daniel J. Barrett,オライリー・ジャパン  ,2006年11月22日,4873112877
403,グラフデータベースNeo4jによるグラフデータモデルとグラフデータベース入門,Ian Robinson,オライリージャパン  ,2015年3月25日,4873117143
404,scikit-learnとTensorFlowによる実践機械学習,AurélienGéron,オライリージャパン  ,2018年4月26日,4873118344
405,入門 PySparkPythonとJupyterで活用するSpark 2エコシステム,Tomasz Drabas,オライリージャパン  ,2017年11月22日,4873118182
406,初めてのSpark,Holden Karau,オライリージャパン  ,2015年8月22日,4873117348
407,Sparkによる実践データ解析大規模データのための機械学習事例集,Sandy Ryza,オライリージャパン  ,2016年1月23日,487311750X
408,Rパッケージ開発入門テスト、文書化、コード共有の手法を学ぶ,Hadley Wickham,オライリージャパン  ,2016年2月5日,4873117593
409,スケーラブルリアルタイムデータ分析入門ラムダアーキテクチャによるビッグデータ処理,Nathan Marz,オライリージャパン  ,2016年8月24日,4873117755
410,Rクックブック,Paul Teetor,オライリージャパン  ,2011年12月22日,4873115337
411,アート・オブ・Rプログラミング,Norman Matloff,オライリージャパン  ,2012年9月26日,4873115795
412,SQLアンチパターン,Bill Karwin,オライリージャパン  ,2013年1月26日,4873115892
413,RStudioではじめるRプログラミング入門,Garrett Grolemund,オライリージャパン  ,2015年3月25日,4873117151
414,Google BigQuery,Jordan Tigani,オライリージャパン  ,2015年3月23日,487311716X
415,入門 ソーシャルデータ 第2版ソーシャルウェブのデータマイニング,Matthew A. Russell,オライリージャパン  ,2014年6月21日,4873116791
416,Rグラフィックスクックブックggplot2によるグラフ作成のレシピ集,Winston Chang,オライリージャパン  ,2013年11月30日,4873116538
417,初めてのSQL,Alan Beaulieu,オライリージャパン  ,2006年4月1日,4873112818
418,実践ハイパフォーマンスMySQL 第3版,Baron Schwartz,オライリージャパン  ,2013年11月25日,4873116384
419,Rではじめるデータサイエンス,Hadley Wickham,オライリージャパン  ,2017年10月25日,487311814X
420,MySQLトラブルシューティング,Sveta Smirnova,オライリージャパン  ,2012年10月13日,4873115868
421,Fluent PythonPythonicな思考とコーディング手法,Luciano Ramalho,オライリージャパン  ,2017年10月7日,4873118174
422,Pythonによるデータ分析入門 第2版NumPy、pandasを使ったデータ処理,Wes McKinney,オライリージャパン  ,2018年7月26日,487311845X
423,Go言語でつくるインタプリタ,Thorsten Ball,オライリージャパン  ,2018年6月16日,4873118220
424,Go言語による並行処理,Katherine Cox-Buday,オライリージャパン  ,2018年10月26日,4873118468
425,Rubyベストプラクティス -プロフェッショナルによるコードとテクニック,Gregory Brown,オライリージャパン  ,2010年3月26日,4873114454
426,Managing Projects With Make (A Nutshell Handbook),Andrew Oram,Oreilly & Associates Inc  ,1991年9月1日,937175900
427,Debug Hacks -デバッグを極めるテクニック&ツール,吉岡弘隆,オライリージャパン  ,2009年4月27日,4873114047
428,実践 Vagrant,Mitchell Hashimoto,オライリージャパン  ,2014年2月21日,4873116651
429,アジャイルデータサイエンススケーラブルに構築するビッグデータアプリケーション,Russell Jurney,オライリージャパン  ,2014年4月25日,4873116716
430,退屈なことはPythonにやらせようノンプログラマーにもできる自動化処理プログラミング,Al Sweigart,オライリージャパン  ,2017年6月3日,487311778X
431,バッドデータハンドブックデータにまつわる問題への19の処方箋,Q. Ethan McCallum,オライリージャパン  ,2013年9月26日,4873116406
432,Pythonチュートリアル 第3版,Guido van Rossum,オライリージャパン  ,2016年3月24日,4873117534
433,実践 Python 3,Mark Summerfield,オライリージャパン  ,2015年12月1日,4873117399
434,Serverspec,宮下剛輔,オライリージャパン  ,2015年1月17日,4873117097
435,Hadoop Hacksプロフェッショナルが使う実践テクニック,中野猛,オライリージャパン  ,2012年4月25日,4873115469
436,Pythonからはじめる数学入門,Amit Saha,オライリージャパン  ,2016年5月21日,4873117682
437,ゼロからはじめるデータサイエンスPythonで学ぶ基本と実践,Joel Grus,オライリージャパン  ,2017年1月25日,4873117860
438,Cクイックリファレンス 第2版,Peter Prinz,オライリージャパン  ,2016年11月5日,487311781X
439,アルゴリズムクイックリファレンス 第2版,George T. Heineman,オライリージャパン  ,2016年12月24日,4873117852
440,入門 GNU Emacs 第3版,Debra Cameron,オライリー・ジャパン  ,2007年3月12日,487311277X
441,Haskellによる並列・並行プログラミング,Simon Marlow,オライリージャパン  ,2014年8月21日,4873116899
442,Optimized C++最適化、高速化のためのプログラミングテクニック,Kurt Guntheroth,オライリージャパン  ,2017年2月22日,4873117925
443,Pythonではじめるデータラングリングデータの入手、準備、分析、プレゼンテーション,Jacqueline Kazil,オライリージャパン  ,2017年4月26日,4873117941
444,入門 自然言語処理,Steven Bird,オライリージャパン  ,2010年11月11日,4873114705
445,入門 データ構造とアルゴリズム,Narasimha Karumanchi,オライリージャパン  ,2013年8月24日,4873116341
446,正規表現クックブック,Jan Goyvaerts,オライリージャパン  ,2010年4月15日,4873114500
447,プログラミング言語 Ruby,まつもとゆきひろ,オライリージャパン  ,2009年1月26日,4873113946
448,プログラミング Hive,Edward Capriolo,オライリージャパン  ,2013年6月15日,4873116171
449,GitHubツールビルディングGitHub APIを活用したワークフローの拡張とカスタマイズ,Chris Dawson,オライリージャパン  ,2017年5月10日,487311795X
450,問題解決のPythonプログラミング数学パズルで鍛えるアルゴリズム的思考,Srini Devadas,オライリージャパン  ,2018年9月22日,4873118514
451,並行コンピューティング技法実践マルチコア/マルチスレッドプログラミング,Clay Breshears,オライリージャパン  ,2009年12月21日,4873114357
452,CythonCとの融合によるPythonの高速化,Kurt W. Smith,オライリージャパン  ,2015年6月19日,4873117275
453,入門 Qt 4 プログラミング,Jasmin Blanchette,オライリー・ジャパン  ,2007年11月27日,487311344X
454,実用 Subversion 第2版,C. Michael Pilato,オライリージャパン  ,2009年7月27日,4873114144
455,Hadoop MapReduce デザインパターンMapReduceによる大規模テキストデータ処理,Jimmy Lin,オライリージャパン  ,2011年10月1日,4873115124
456,初めてのPython 第3版,Mark Lutz,オライリージャパン  ,2009年2月26日,4873113938
457,内部統制マネジメント―コーポレートガバナンスを支える仕組みと運用,野村直秀,生産性出版  ,2004年6月,4820117920
458,100円のコーラを1000円で売る方法,永井孝尚,中経出版  ,2011年11月29日,4806142395
459,最新 IT業界の人事・労務管理と就業規則,林久美,日本法令  ,2012年2月1日,4539722484
460,内部統制システムの決定にむけての実務―平成18年5月,菊地伸,商事法務  ,2006年4月,4785713089
461,内部統制実践ガイド [新制度対応版],久保惠一,ダイヤモンド社  ,2005年10月28日,4478100187
462,知識労働とソフトウェア開発 (技評SE選書),荒井玲子,技術評論社  ,2010年9月4日,4774143863
463,ディズニー、NASAが認めた 遊ぶ鉄工所,山本昌作,ダイヤモンド社  ,2018年7月19日,4478103712
464,絶体絶命でも世界一愛される会社に変える!2代目女性社長の号泣戦記,石坂典子,ダイヤモンド社  ,2014年12月12日,4478029423
465,はじめての貿易実務 (PHPビジネス新書),木村雅晴,PHP研究所  ,2007年3月,4569690068
466,小説 渋沢栄一〈下〉 (幻冬舎文庫),津本陽,幻冬舎  ,2007年2月1日,4344409132
467,小説渋沢栄一 上 (幻冬舎文庫 つ 2-12),津本陽,幻冬舎  ,2007年2月1日,4344409124
468,会計天国 (PHP文庫),青木寿幸,PHP研究所  ,2013年9月17日,4569760678
469,ネットはテレビをどう呑みこむのか? (アスキー新書 016),歌田明弘,アスキー  ,2007年6月9日,4756149332
470,ネットビジネス戦略入門―すべてのビジネスは顧客志向型になる,パトリシア・シーボルト,翔泳社  ,1999年7月,4881357689
471,コンサルティングの悪魔―日本企業を食い荒らす騙しの手口,ルイス・ピーノルト,徳間書店  ,2000年10月,4198612560
472,NHKスペシャル グーグル革命の衝撃,NHK取材班,日本放送出版協会  ,2007年5月,4140811927
473,リーン・スタートアップ,エリック・リース,日経BP  ,2012年4月12日,4822248976
474,起業のリアル,田原総一朗,プレジデント社  ,2014年6月27日,4833450658
475,渋沢栄一の経営教室 Sクラス,香取俊介,日本経済新聞出版社  ,2014年7月24日,4532169348
476,知的複眼思考法,苅谷剛彦,講談社  ,1996年9月25日,4062072289
477,お金2.0 新しい経済のルールと生き方 (NewsPicks Book),佐藤航陽,幻冬舎  ,2017年11月30日,4344032152
478,ブレイクアウトストラテジー,シドニー・フィンケルシュタイン,日経BP  ,2007年9月27日,4822246086
479,0 to 100 会社を育てる戦略地図,山口豪志,ポプラ社  ,2017年11月16日,4591156133
480,全員で稼ぐ組織 JALを再生させた「アメーバ経営」の教科書,森田直行,日経BP  ,2014年5月29日,4822250202
481,ロジカル・シンキングの道具箱,山崎将志,日本実業出版社  ,2009年3月12日,4534045247
482,部下育成の教科書,山田直人,ダイヤモンド社  ,2012年3月9日,4478020442
483,SEからコンサルタントになる方法,北添裕己,日本実業出版社  ,2008年1月31日,4534043449
484,プラットフォーム戦略,平野敦士カール,東洋経済新報社  ,2010年8月12日,4492532749
485,現代ロジスティクス論―基礎理論から経営課題まで,齊藤実,中央経済社  ,2009年5月1日,4502668400
486,事業計画書の書き方・まとめ方―説得力のある事業計画なくして成功はない,増木清行,ぱる出版  ,1999年2月,4893866990
487,組織マネジメントのプロフェッショナル,高橋俊介,ダイヤモンド社  ,2004年6月17日,4478360669
488,再起動 リブート―――波瀾万丈のベンチャー経営を描き尽くした真実の物語,斉藤徹,ダイヤモンド社  ,2016年12月16日,4478066256
489,顧客が熱狂するネット靴店　ザッポス伝説―アマゾンを震撼させたサービスはいかに生まれたか,トニー・シェイ,ダイヤモンド社  ,2010年12月3日,447801373X
490,How Google Works (ハウ・グーグル・ワークス)―私たちの働き方とマネジメント,エリック・シュミット,日本経済新聞出版社  ,2014年10月9日,4532319552
491,チーズはどこへ消えた?,スペンサー・ジョンソン,扶桑社  ,2000年11月27日,459403019X
492,完全網羅 起業成功マニュアル,ガイ・カワサキ,海と月社  ,2009年5月29日,4903212122
493,小さな会社の稼ぐ技術,栢野克己,日経BP  ,2016年12月7日,4822251934
494,ゲーミフィケーション―<ゲーム>がビジネスを変える,井上明人,NHK出版  ,2012年1月25日,4140815167
495,スマホで世界をねらうために知っておきたい3つのこと,佐藤航陽,日本経済新聞出版社  ,2012年6月26日,4532318041
496,安売りしない会社はどこで努力をしているか?,村尾隆介,大和書房  ,2010年9月23日,4479793003
497,一勝九敗,柳井正,新潮社  ,2003年11月15日,4104642010
498,オムニチャネル&O2Oの教科書,日経デジタルマーケティング,日経BP  ,2016年9月16日,4822235823
499,7つの習慣-成功には原則があった!,スティーブン・R.コヴィー,キングベアー出版  ,1996年12月25日,4906638015
500,ブラック・スワン[上]―不確実性とリスクの本質,ナシーム・ニコラス・タレブ,ダイヤモンド社  ,2009年6月19日,4478001251
501,それをお金で買いますか――市場主義の限界,マイケル・サンデル,早川書房  ,2012年5月16日,415209284X
502,紹介だけで一生売れる技術,神尾えいじ,きこ書房  ,2011年10月4日,4877712828
503,海賊とよばれた男 下,百田尚樹,講談社  ,2012年7月12日,4062175657
504,海賊とよばれた男 上,百田尚樹,講談社  ,2012年7月12日,4062175649
505,API革命つながりが創る次代の経営 (日経BPムック),日経FinTech,日経BP  ,2017年6月29日,4822259153
506,Think! no.23,東洋経済新報社,東洋経済新報社  ,2007年10月1日,4492830243
507,Think! WINTER 2008 no.24,東洋経済新報社,東洋経済新報社  ,2008年1月18日,4492830251
508,年商５億円の「壁」のやぶり方,坂本桂一,クロスメディア・パブリッシング（インプレス）  ,2010年7月27日,B009CP9KU0
509,勝ち続ける会社をつくる起業の教科書,野坂英吾,日本実業出版社  ,2017年5月25日,4534054971
510,私、社長ではなくなりました。 ワイキューブとの7435日,安田佳生（やすだよしお）,プレジデント社  ,2012年2月28日,4833420007
511,30歳で400億円の負債を抱えた僕が、もう一度、起業を決意した理由,杉本宏之,ダイヤモンド社  ,2014年7月18日,447802734X
512,戦略は「1杯のコーヒー」から学べ! (ビジネス・経済),永井孝尚,KADOKAWA中経出版  ,2014年9月11日,4046005750
513,フィンテック 金融維新へ,アクセンチュア株式会社,日本経済新聞出版社  ,2016年6月23日,4532356997
514,Hot Pepperミラクル・ストーリー―リクルート式「楽しい事業」のつくり方,平尾勇司,東洋経済新報社  ,2008年5月1日,4492501835
515,小さな会社の社長の戦い方 (アスカビジネス),井上達也,明日香出版社  ,2012年11月21日,4756914608
516,売れる会社のすごい仕組み~明日から使えるマーケティング戦略,佐藤義典,青春出版社  ,2009年8月1日,4413037146
517,強い会社の教科書,小山昇,ダイヤモンド社  ,2012年10月19日,4478021937
518,黒字化せよ!出向社長最後の勝負---万年赤字会社は、なぜ10カ月で生まれ変わったのか,猿谷雅治,ダイヤモンド社  ,2014年4月25日,4478026580
519,サーチアーキテクチャ 「さがす」の情報科学,みずほ情報総研株式会社吉川日出行,ソフトバンククリエイティブ  ,2007年9月28日,4797341033
520,「孫子の兵法」のことがマンガで3時間でマスターできる本 (アスカビジネス),安恒理,明日香出版社  ,2002年3月31日,4756905218
521,図解入門ビジネス最新戦略物流の基本とカラクリがよ~くわかる本 (How‐nual Business Guide Book),花房陵,秀和システム  ,2007年11月29日,4798018295
522,図解 生産管理システムの導入・運用の実務知識,藤井一良,日本実業出版社  ,2006年12月14日,4534041411
523,採用基準,伊賀泰代,ダイヤモンド社  ,2012年11月9日,4478023417
524,ゲーム・チェンジャーの競争戦略 ルール、相手、土俵を変える (日経ビジネス人文庫),内田和成,日本経済新聞出版社  ,2018年11月2日,453219878X
525,よくわかる情報システム&IT業界 (最新 業界の常識),新井進,日本実業出版社  ,2008年11月13日,4534044690
526,企画書実践事例集[完全版],高橋憲行,ダイヤモンド社  ,2007年1月13日,4478530408
527,改訂版 給与・賞与・退職金規程,荻原勝,経営書院  ,2015年7月30日,4863262027
528,ビジュアル解説 小さな会社のビジネス・プラン,井上芳郎,東洋経済新報社  ,2003年9月,4492554874
529,物流戦略策定シナリオ―物流を効率的にマネジメントする 市場とのズレによる無駄をなくし、新しい管理技術でコストを削減する (かんきビジネス道場),日通総合研究所,かんき出版  ,2005年1月24日,4761262281
530,経理実務がぜんぶわかる本,西木 敏明,成美堂出版  ,2003年1月1日,4415019757
531,本当に使える戦略の立て方 5つのステップ,山田修,ぱる出版  ,2014年3月31日,4827208514
532,日商3級簿記 サクセス集中講座,大原簿記学校,大原出版  ,1998年4月,4872583922
533,起業のエクイティ・ファイナンス---経済革命のための株式と契約,磯崎哲也,ダイヤモンド社  ,2014年7月11日,4478028257
534,起業のファイナンス ベンチャーにとって一番大切なこと,磯崎哲也,日本実業出版社  ,2010年9月30日,4534047576
535,ベンチャー企業の法務AtoZ,後藤勝也,中央経済社  ,2016年10月26日,4502190519
536,業務改革の教科書―成功率9割のプロが教える全ノウハウ,白川克,日本経済新聞出版社  ,2013年9月21日,4532319021
537,図解実務入門 よくわかる広告ビジネス (実務入門シリーズ),博報堂広告ビジネスプロジェクト,日本能率協会マネジメントセンター  ,2001年10月,4820740342
538,実践にすぐ役立つ!!マーケティングの基本知識,片山又一郎,PHP研究所  ,1999年5月,4569606423
539,あなたの会社は大丈夫? マイナンバー対応のすべて,日本総合研究所,日本経済新聞出版社  ,2015年8月26日,4532356571
540,人月の神話―狼人間を撃つ銀の弾はない (Professional computing series (別巻3)),Jr.フレデリック・P.ブルックス,ピアソンエデュケーション  ,2002年11月,4894716658
541,日経業界地図 2018年版,日本経済新聞社,日本経済新聞出版社  ,2017年8月26日,4532321697
542,日経業界地図　2017年版,日本経済新聞社,日本経済新聞出版社  ,2016年8月25日,B01KTJ9T76
543,課金ポイントを変える 利益モデルの方程式,川上昌直,かんき出版  ,2013年12月18日,4761269642
544,図解入門業界研究最新物流業界の動向とカラクリがよ~くわかる本 (How‐nual Industry Trend Guide Book),橋本直行,秀和システム  ,2006年6月19日,4798013463
545,図解入門業界研究最新コンサル業界の動向とカラクリがよ~くわかる本[第2版] (How‐nual Industry Trend Guide Book),廣川州伸,秀和システム  ,2007年12月20日,4798018473
546,経営戦略ワークブック,河瀬誠,日本実業出版社  ,2010年6月30日,4534047290
547,私たちはみなメイカーだメイカーが変革する教育、仕事、社会、そして自分自身 (Make: Japan Books),Dale Dougherty,オライリージャパン  ,2017年8月12日,4873118123
548,パン屋のお金とカジノのお金はどう違う?―ミヒャエル・エンデの夢見た経済・社会,広田裕之,オーエス出版  ,2001年7月,4757300875
549,DIGITAL DISRUPTION,ジェイムズ・マキヴェイ,実業之日本社  ,2013年8月30日,4408110191
550,トレードオフ―上質をとるか、手軽をとるか,ケビン・メイニー,プレジデント社  ,2010年7月6日,483341936X
551,スティーブ・ジョブズ II,ウォルター・アイザックソン,講談社  ,2011年11月2日,4062171279
552,スティーブ・ジョブズ I,ウォルター・アイザックソン,講談社  ,2011年10月25日,4062171260
553,神は数学者か？: 万能な数学について,マリオ・リヴィオ,早川書房  ,2011年10月21日,4152092467
554,ひとり2000万円稼ぐ会計事務所の作り方,鈴木成美,三和書籍  ,2010年12月,4862510957
555,人と企業はどこで間違えるのか?---成功と失敗の本質を探る「10の物語」,ジョン・ブルックス,ダイヤモンド社  ,2014年12月19日,4478029776
556,富の未来 上巻,A.トフラー,講談社  ,2006年6月8日,4062134527
557,よくわかる人工知能 最先端の人だけが知っているディープラーニングのひみつ,清水亮,KADOKAWA  ,2016年10月17日,4048922335
558,なぜか即日即断してしまう 105人連続契約の秘密,林佳範,ダイヤモンド社  ,2017年8月31日,4478101361
559,【CD-ROM付】小さな会社は経営計画で人を育てなさい!,山元浩二,あさ出版  ,2017年10月15日,4860639987
560,人を動かす　新装版,デール・カーネギー,創元社  ,1999年10月31日,4422100513
561,マッキンゼーをつくった男 マービン・バウワー,エリザベス・イーダスハイム,ダイヤモンド社  ,2007年3月2日,4478321272
562,ジャック・ウェルチ わが経営 <下>,ジャック・ウェルチ,日本経済新聞社  ,2001年10月22日,453216401X
563,ジャック・ウェルチ わが経営 <上>,ジャック・ウェルチ,日本経済新聞社  ,2001年10月22日,4532164001
564,幹部に言えない社長の悩み解決大全,白潟敏朗,KADOKAWA中経出版  ,2015年2月28日,4046011653
565,ビジョナリー・カンパニー 2 - 飛躍の法則,ジム・コリンズ,日経BP  ,2001年12月18日,4822242633
566,ビジョナリー・カンパニー 時代を超える生存の原則,ジム・コリンズ,日経BP社  ,1995年9月26日,4822740315
567,図解入門業界研究最新アパレル業界の動向とカラクリがよ~くわかる本 (How‐nual Industry Trend Guide Book),岩崎剛幸,秀和システム  ,2005年6月6日,4798010723
568,もし高校野球の女子マネージャーがドラッカーの『マネジメント』を読んだら,岩崎夏海,ダイヤモンド社  ,2009年12月4日,4478012032
569,ゼロから3年で100億円企業を作った男のガムシャラ仕事術,森平茂生,総合法令出版  ,2011年9月21日,4862802745
570,渋沢栄一『論語と算盤』が教える人生繁栄の道,渡部昇一,致知出版社  ,2009年3月31日,488474845X
571,『社長の仕事』税理士が書いた中小企業の経営革新バイブル 「バランス・スコアカード経営」で目指せ優良企業,TKC全国会創業経営革新支援委員会,TKC出版  ,2004年8月1日,492494744X
572,自分を天才だと思える本 HEAD FIRST,トニー・ブザン,きこ書房  ,2002年9月18日,4877710876
573,ザ・マインドマップ,トニー・ブザン,ダイヤモンド社  ,2005年11月3日,4478760993
574,図解!会社にお金が残らない本当の理由 (FOREST Illustration book),岡本吏郎,フォレスト出版  ,2006年10月7日,4894512424
575,実践 パソコンを使ったキャッシュフロー計算書のつくり方,野村郁夫,かんき出版  ,1999年8月,4761258020
576,図解入門業界研究最新介護ビジネスの動向とカラクリがよ~くわかる本 (How‐nual Industry Trend Guide Book),川原経営総合センター,秀和システム  ,2011年7月7日,4798030236
577,イプシロン・ザ・ロケット新型固体燃料ロケット、誕生の瞬間,西澤 丞,オライリージャパン  ,2013年11月12日,4873116392
578,Core Memoryヴィンテージコンピュータの美,John Alderman,オライリー・ジャパン  ,2008年2月26日,4873113571
579,マーカス・チャウンの太陽系図鑑,マーカス・チャウン,オライリージャパン  ,2012年4月21日,4873115167
580,勝つための思考法―どうすれば強い心を持てるか,ジョン・セイヤー,東急エージェンシー出版事業部  ,1992年2月,4884970012
581,リアルスタートアップ 〜若者のための戦略的キャリアと起業の技術〜,塩野誠,集英社  ,2012年7月26日,4087806499
582,知らないとヤバイ！ クラウドとプラットフォームでいま何が起きているのか？,西田宗千佳,徳間書店  ,2010年11月27日,4198630674
583,ソーシャルゲームだけがなぜ儲かるのか (PHPビジネス新書),中山淳雄,PHP研究所  ,2012年10月19日,456980733X
584,2045年問題 コンピュータが人類を超える日 (廣済堂新書),松田卓也,廣済堂出版  ,2012年12月22日,4331516830
585,曖昧性とのたたかい~体験的プロジェクトマネジメント論,名内泰蔵,翔泳社  ,2005年3月18日,4798109053
586,クラウド セキュリティ&プライバシーリスクとコンプライアンスに対する企業の視点 (THEORY/IN/PRACTICE),Tim Mather,オライリージャパン  ,2010年6月12日,4873114586
587,SQLポケットリファレンス (Pocket reference),朝井淳,技術評論社  ,2000年1月,477410907X
588,ザ・クリスタルボール,エリヤフ・ゴールドラット,ダイヤモンド社  ,2009年11月12日,B0081MALX0
589,ザ・スタート――ゴールを手にした5人の儲かるネタの見つけ方,【TheGoal】1億円プレイヤー育成プロジェクト,フォレスト出版  ,2014年1月22日,4894516020
590,"今ある会社をリノベーションして起業する 小商い“実践""のすすめ",奥村聡,ソシム  ,2014年7月10日,4883379396
591,スタートアップ!シリコンバレー流成功する自己実現の秘訣,リード・ホフマン,日経BP  ,2012年5月24日,4822249107
592,ノーリスクで儲かる仕組みをつくる「コラボ」の教科書,鳥内浩一,かんき出版  ,2013年2月27日,4761268905
593,ニュー・ニュー・シング,マイケル・ルイス,日本経済新聞社  ,2000年8月,4532163609
594,あんぽん 孫正義伝,佐野眞一,小学館  ,2012年1月10日,4093882312
595,HIGH OUTPUT MANAGEMENT(ハイアウトプット マネジメント) 人を育て、成果を最大にするマネジメント,アンドリュー・S・グローブ,日経BP  ,2017年1月11日,4822255018
596,MAKERS 21世紀の産業革命が始まる,クリス・アンダーソン,NHK出版  ,2012年10月23日,4140815760
597,アイデア大全,読書猿,フォレスト出版  ,2017年1月22日,4894517450
598,問題解決大全――ビジネスや人生のハードルを乗り越える37のツール,読書猿,フォレスト出版  ,2017年11月19日,4894517809
599,ザ・会社改造 340人からグローバル1万人企業へ,三枝匡,日本経済新聞出版社  ,2016年9月1日,4532320976
600,「日本の経営」を創る,三枝匡,日本経済新聞出版社  ,2008年11月22日,4532314224
601,ザ・ゴール 企業の究極の目的とは何か,エリヤフ・ゴールドラット,ダイヤモンド社  ,2001年5月18日,4478420408
602,ザ・プロフィット 利益はどのようにして生まれるのか,エイドリアン・J・スライウォツキー,ダイヤモンド社  ,2002年12月14日,4478374228
603,チェンジ・ザ・ルール！,エリヤフ・ゴールドラット,ダイヤモンド社  ,2002年10月11日,4478420440
604,ザ・チョイス―複雑さに惑わされるな!,エリヤフ・ゴールドラット,ダイヤモンド社  ,2008年11月8日,4478006652
605,ザ・キャッシュマシーン,リチャード・クラフォルツ,ダイヤモンド社  ,2005年12月2日,4478530394
606,稲盛和夫の実学―経営と会計,稲盛和夫,日本経済新聞社  ,2000年11月7日,4532190061
607,起業の科学スタートアップサイエンス,田所雅之,日経BP  ,2017年11月2日,4822259757
608,週刊ダイヤモンド 2019年 5/18 号 [雑誌] (GAFAでわかる決算書入門),ダイヤモンド社,ダイヤモンド社  ,2019年5月13日,B07QWNR7GX
609,ソフトウェアデザイン 2019年6月号,山田泰宏,技術評論社  ,2019年5月17日,B07QV42G7V